Feature,importance
Unnamed: 0,0
Unnamed: 0.1,0
ID,0
板温,2
现场温度,3
光照强度,0
转换效率,1
转换效率A,4
转换效率B,2
转换效率C,6
电压A,3
电压B,2
电压C,2
电流A,16
电流B,5
电流C,12
功率A,4
功率B,5
功率C,0
平均功率,5
风速,10
风向,5
Unnamed: 0/ID,11
Unnamed: 0*ID,0
Unnamed: 0+ID,0
Unnamed: 0-ID,1
Unnamed: 0/板温,25
Unnamed: 0*板温,22
Unnamed: 0+板温,0
Unnamed: 0-板温,0
Unnamed: 0/现场温度,46
Unnamed: 0*现场温度,27
Unnamed: 0+现场温度,0
Unnamed: 0-现场温度,1
Unnamed: 0/光照强度,18
Unnamed: 0*光照强度,4
Unnamed: 0+光照强度,4
Unnamed: 0-光照强度,0
Unnamed: 0/转换效率,4
Unnamed: 0*转换效率,18
Unnamed: 0+转换效率,18
Unnamed: 0-转换效率,0
Unnamed: 0/转换效率A,2
Unnamed: 0*转换效率A,19
Unnamed: 0+转换效率A,5
Unnamed: 0-转换效率A,0
Unnamed: 0/转换效率B,3
Unnamed: 0*转换效率B,18
Unnamed: 0+转换效率B,1
Unnamed: 0-转换效率B,0
Unnamed: 0/转换效率C,8
Unnamed: 0*转换效率C,28
Unnamed: 0+转换效率C,6
Unnamed: 0-转换效率C,0
Unnamed: 0/电压A,3
Unnamed: 0*电压A,4
Unnamed: 0+电压A,3
Unnamed: 0-电压A,0
Unnamed: 0/电压B,2
Unnamed: 0*电压B,5
Unnamed: 0+电压B,0
Unnamed: 0-电压B,0
Unnamed: 0/电压C,3
Unnamed: 0*电压C,1
Unnamed: 0+电压C,1
Unnamed: 0-电压C,0
Unnamed: 0/电流A,8
Unnamed: 0*电流A,6
Unnamed: 0+电流A,0
Unnamed: 0-电流A,0
Unnamed: 0/电流B,9
Unnamed: 0*电流B,4
Unnamed: 0+电流B,0
Unnamed: 0-电流B,2
Unnamed: 0/电流C,10
Unnamed: 0*电流C,4
Unnamed: 0+电流C,0
Unnamed: 0-电流C,0
Unnamed: 0/功率A,3
Unnamed: 0*功率A,2
Unnamed: 0+功率A,4
Unnamed: 0-功率A,5
Unnamed: 0/功率B,3
Unnamed: 0*功率B,1
Unnamed: 0+功率B,7
Unnamed: 0-功率B,3
Unnamed: 0/功率C,3
Unnamed: 0*功率C,8
Unnamed: 0+功率C,9
Unnamed: 0-功率C,7
Unnamed: 0/平均功率,5
Unnamed: 0*平均功率,11
Unnamed: 0+平均功率,3
Unnamed: 0-平均功率,4
Unnamed: 0/风速,45
Unnamed: 0*风速,67
Unnamed: 0+风速,0
Unnamed: 0-风速,0
Unnamed: 0/风向,37
Unnamed: 0*风向,38
Unnamed: 0+风向,1
Unnamed: 0-风向,4
ID/板温,15
ID*板温,6
ID+板温,0
ID-板温,0
ID/现场温度,12
ID*现场温度,14
ID+现场温度,0
ID-现场温度,0
ID/光照强度,12
ID*光照强度,2
ID+光照强度,1
ID-光照强度,1
ID/转换效率,0
ID*转换效率,9
ID+转换效率,1
ID-转换效率,0
ID/转换效率A,0
ID*转换效率A,16
ID+转换效率A,0
ID-转换效率A,0
ID/转换效率B,0
ID*转换效率B,17
ID+转换效率B,1
ID-转换效率B,0
ID/转换效率C,0
ID*转换效率C,28
ID+转换效率C,0
ID-转换效率C,0
ID/电压A,0
ID*电压A,3
ID+电压A,6
ID-电压A,2
ID/电压B,0
ID*电压B,0
ID+电压B,1
ID-电压B,0
ID/电压C,1
ID*电压C,3
ID+电压C,0
ID-电压C,0
ID/电流A,8
ID*电流A,2
ID+电流A,0
ID-电流A,0
ID/电流B,1
ID*电流B,4
ID+电流B,0
ID-电流B,0
ID/电流C,4
ID*电流C,2
ID+电流C,0
ID-电流C,0
ID/功率A,4
ID*功率A,4
ID+功率A,3
ID-功率A,2
ID/功率B,5
ID*功率B,3
ID+功率B,4
ID-功率B,1
ID/功率C,6
ID*功率C,3
ID+功率C,3
ID-功率C,2
ID/平均功率,1
ID*平均功率,5
ID+平均功率,3
ID-平均功率,1
ID/风速,16
ID*风速,19
ID+风速,0
ID-风速,0
ID/风向,9
ID*风向,9
ID+风向,1
ID-风向,3
板温/现场温度,92
板温*现场温度,59
板温+现场温度,8
板温-现场温度,517
板温/光照强度,17
板温*光照强度,18
板温+光照强度,2
板温-光照强度,2
板温/转换效率,7
板温*转换效率,11
板温+转换效率,30
板温-转换效率,1
板温/转换效率A,4
板温*转换效率A,14
板温+转换效率A,50
板温-转换效率A,8
板温/转换效率B,3
板温*转换效率B,8
板温+转换效率B,45
板温-转换效率B,3
板温/转换效率C,9
板温*转换效率C,9
板温+转换效率C,60
板温-转换效率C,6
板温/电压A,2
板温*电压A,1
板温+电压A,12
板温-电压A,7
板温/电压B,2
板温*电压B,0
板温+电压B,3
板温-电压B,0
板温/电压C,1
板温*电压C,0
板温+电压C,15
板温-电压C,3
板温/电流A,9
板温*电流A,7
板温+电流A,3
板温-电流A,2
板温/电流B,10
板温*电流B,8
板温+电流B,3
板温-电流B,1
板温/电流C,7
板温*电流C,19
板温+电流C,2
板温-电流C,5
板温/功率A,12
板温*功率A,7
板温+功率A,20
板温-功率A,6
板温/功率B,1
板温*功率B,5
板温+功率B,4
板温-功率B,8
板温/功率C,4
板温*功率C,1
板温+功率C,6
板温-功率C,5
板温/平均功率,10
板温*平均功率,2
板温+平均功率,18
板温-平均功率,2
板温/风速,143
板温*风速,46
板温+风速,13
板温-风速,29
板温/风向,44
板温*风向,55
板温+风向,13
板温-风向,23
现场温度/光照强度,8
现场温度*光照强度,7
现场温度+光照强度,4
现场温度-光照强度,5
现场温度/转换效率,4
现场温度*转换效率,11
现场温度+转换效率,32
现场温度-转换效率,6
现场温度/转换效率A,2
现场温度*转换效率A,6
现场温度+转换效率A,35
现场温度-转换效率A,1
现场温度/转换效率B,4
现场温度*转换效率B,5
现场温度+转换效率B,33
现场温度-转换效率B,6
现场温度/转换效率C,9
现场温度*转换效率C,7
现场温度+转换效率C,36
现场温度-转换效率C,7
现场温度/电压A,3
现场温度*电压A,3
现场温度+电压A,17
现场温度-电压A,3
现场温度/电压B,0
现场温度*电压B,0
现场温度+电压B,12
现场温度-电压B,3
现场温度/电压C,1
现场温度*电压C,2
现场温度+电压C,16
现场温度-电压C,7
现场温度/电流A,7
现场温度*电流A,13
现场温度+电流A,5
现场温度-电流A,3
现场温度/电流B,9
现场温度*电流B,3
现场温度+电流B,4
现场温度-电流B,5
现场温度/电流C,3
现场温度*电流C,5
现场温度+电流C,4
现场温度-电流C,6
现场温度/功率A,7
现场温度*功率A,5
现场温度+功率A,9
现场温度-功率A,19
现场温度/功率B,0
现场温度*功率B,4
现场温度+功率B,1
现场温度-功率B,5
现场温度/功率C,2
现场温度*功率C,7
现场温度+功率C,0
现场温度-功率C,9
现场温度/平均功率,4
现场温度*平均功率,1
现场温度+平均功率,4
现场温度-平均功率,10
现场温度/风速,83
现场温度*风速,55
现场温度+风速,23
现场温度-风速,31
现场温度/风向,44
现场温度*风向,46
现场温度+风向,12
现场温度-风向,15
光照强度/转换效率,4
光照强度*转换效率,15
光照强度+转换效率,14
光照强度-转换效率,0
光照强度/转换效率A,8
光照强度*转换效率A,11
光照强度+转换效率A,7
光照强度-转换效率A,1
光照强度/转换效率B,4
光照强度*转换效率B,16
光照强度+转换效率B,7
光照强度-转换效率B,0
光照强度/转换效率C,3
光照强度*转换效率C,4
光照强度+转换效率C,7
光照强度-转换效率C,0
光照强度/电压A,5
光照强度*电压A,4
光照强度+电压A,12
光照强度-电压A,2
光照强度/电压B,1
光照强度*电压B,15
光照强度+电压B,16
光照强度-电压B,6
光照强度/电压C,2
光照强度*电压C,17
光照强度+电压C,7
光照强度-电压C,6
光照强度/电流A,9
光照强度*电流A,10
光照强度+电流A,0
光照强度-电流A,1
光照强度/电流B,18
光照强度*电流B,7
光照强度+电流B,0
光照强度-电流B,0
光照强度/电流C,21
光照强度*电流C,4
光照强度+电流C,0
光照强度-电流C,0
光照强度/功率A,15
光照强度*功率A,13
光照强度+功率A,69
光照强度-功率A,56
光照强度/功率B,3
光照强度*功率B,12
光照强度+功率B,14
光照强度-功率B,19
光照强度/功率C,7
光照强度*功率C,4
光照强度+功率C,22
光照强度-功率C,26
光照强度/平均功率,1
光照强度*平均功率,9
光照强度+平均功率,25
光照强度-平均功率,27
光照强度/风速,35
光照强度*风速,51
光照强度+风速,0
光照强度-风速,4
光照强度/风向,33
光照强度*风向,27
光照强度+风向,30
光照强度-风向,47
转换效率/转换效率A,56
转换效率*转换效率A,4
转换效率+转换效率A,1
转换效率-转换效率A,34
转换效率/转换效率B,41
转换效率*转换效率B,2
转换效率+转换效率B,0
转换效率-转换效率B,42
转换效率/转换效率C,24
转换效率*转换效率C,5
转换效率+转换效率C,0
转换效率-转换效率C,36
转换效率/电压A,2
转换效率*电压A,5
转换效率+电压A,2
转换效率-电压A,11
转换效率/电压B,6
转换效率*电压B,1
转换效率+电压B,2
转换效率-电压B,17
转换效率/电压C,1
转换效率*电压C,1
转换效率+电压C,5
转换效率-电压C,7
转换效率/电流A,5
转换效率*电流A,6
转换效率+电流A,0
转换效率-电流A,2
转换效率/电流B,5
转换效率*电流B,7
转换效率+电流B,1
转换效率-电流B,1
转换效率/电流C,1
转换效率*电流C,10
转换效率+电流C,1
转换效率-电流C,2
转换效率/功率A,5
转换效率*功率A,3
转换效率+功率A,13
转换效率-功率A,10
转换效率/功率B,1
转换效率*功率B,7
转换效率+功率B,2
转换效率-功率B,5
转换效率/功率C,4
转换效率*功率C,9
转换效率+功率C,9
转换效率-功率C,4
转换效率/平均功率,0
转换效率*平均功率,2
转换效率+平均功率,11
转换效率-平均功率,7
转换效率/风速,13
转换效率*风速,27
转换效率+风速,14
转换效率-风速,6
转换效率/风向,17
转换效率*风向,16
转换效率+风向,9
转换效率-风向,13
转换效率A/转换效率B,28
转换效率A*转换效率B,4
转换效率A+转换效率B,2
转换效率A-转换效率B,31
转换效率A/转换效率C,27
转换效率A*转换效率C,5
转换效率A+转换效率C,2
转换效率A-转换效率C,23
转换效率A/电压A,3
转换效率A*电压A,4
转换效率A+电压A,5
转换效率A-电压A,15
转换效率A/电压B,5
转换效率A*电压B,1
转换效率A+电压B,7
转换效率A-电压B,12
转换效率A/电压C,1
转换效率A*电压C,3
转换效率A+电压C,2
转换效率A-电压C,10
转换效率A/电流A,1
转换效率A*电流A,19
转换效率A+电流A,1
转换效率A-电流A,3
转换效率A/电流B,10
转换效率A*电流B,4
转换效率A+电流B,1
转换效率A-电流B,5
转换效率A/电流C,17
转换效率A*电流C,8
转换效率A+电流C,1
转换效率A-电流C,1
转换效率A/功率A,1
转换效率A*功率A,8
转换效率A+功率A,4
转换效率A-功率A,12
转换效率A/功率B,13
转换效率A*功率B,6
转换效率A+功率B,2
转换效率A-功率B,7
转换效率A/功率C,9
转换效率A*功率C,4
转换效率A+功率C,3
转换效率A-功率C,7
转换效率A/平均功率,10
转换效率A*平均功率,1
转换效率A+平均功率,8
转换效率A-平均功率,0
转换效率A/风速,13
转换效率A*风速,13
转换效率A+风速,27
转换效率A-风速,18
转换效率A/风向,18
转换效率A*风向,14
转换效率A+风向,10
转换效率A-风向,11
转换效率B/转换效率C,20
转换效率B*转换效率C,2
转换效率B+转换效率C,1
转换效率B-转换效率C,14
转换效率B/电压A,2
转换效率B*电压A,1
转换效率B+电压A,2
转换效率B-电压A,7
转换效率B/电压B,3
转换效率B*电压B,1
转换效率B+电压B,6
转换效率B-电压B,15
转换效率B/电压C,2
转换效率B*电压C,1
转换效率B+电压C,2
转换效率B-电压C,14
转换效率B/电流A,10
转换效率B*电流A,5
转换效率B+电流A,1
转换效率B-电流A,6
转换效率B/电流B,4
转换效率B*电流B,8
转换效率B+电流B,2
转换效率B-电流B,1
转换效率B/电流C,11
转换效率B*电流C,9
转换效率B+电流C,0
转换效率B-电流C,7
转换效率B/功率A,12
转换效率B*功率A,0
转换效率B+功率A,7
转换效率B-功率A,3
转换效率B/功率B,0
转换效率B*功率B,9
转换效率B+功率B,3
转换效率B-功率B,4
转换效率B/功率C,6
转换效率B*功率C,5
转换效率B+功率C,1
转换效率B-功率C,1
转换效率B/平均功率,4
转换效率B*平均功率,0
转换效率B+平均功率,4
转换效率B-平均功率,3
转换效率B/风速,14
转换效率B*风速,29
转换效率B+风速,17
转换效率B-风速,11
转换效率B/风向,24
转换效率B*风向,28
转换效率B+风向,12
转换效率B-风向,8
转换效率C/电压A,3
转换效率C*电压A,4
转换效率C+电压A,4
转换效率C-电压A,14
转换效率C/电压B,5
转换效率C*电压B,2
转换效率C+电压B,0
转换效率C-电压B,19
转换效率C/电压C,5
转换效率C*电压C,9
转换效率C+电压C,1
转换效率C-电压C,9
转换效率C/电流A,11
转换效率C*电流A,6
转换效率C+电流A,2
转换效率C-电流A,6
转换效率C/电流B,8
转换效率C*电流B,4
转换效率C+电流B,3
转换效率C-电流B,3
转换效率C/电流C,2
转换效率C*电流C,14
转换效率C+电流C,3
转换效率C-电流C,6
转换效率C/功率A,10
转换效率C*功率A,0
转换效率C+功率A,8
转换效率C-功率A,15
转换效率C/功率B,14
转换效率C*功率B,0
转换效率C+功率B,2
转换效率C-功率B,0
转换效率C/功率C,0
转换效率C*功率C,5
转换效率C+功率C,1
转换效率C-功率C,0
转换效率C/平均功率,4
转换效率C*平均功率,1
转换效率C+平均功率,10
转换效率C-平均功率,5
转换效率C/风速,27
转换效率C*风速,25
转换效率C+风速,46
转换效率C-风速,22
转换效率C/风向,23
转换效率C*风向,22
转换效率C+风向,9
转换效率C-风向,5
电压A/电压B,80
电压A*电压B,3
电压A+电压B,2
电压A-电压B,2
电压A/电压C,90
电压A*电压C,2
电压A+电压C,2
电压A-电压C,17
电压A/电流A,22
电压A*电流A,7
电压A+电流A,1
电压A-电流A,2
电压A/电流B,10
电压A*电流B,14
电压A+电流B,0
电压A-电流B,1
电压A/电流C,11
电压A*电流C,9
电压A+电流C,2
电压A-电流C,0
电压A/功率A,3
电压A*功率A,23
电压A+功率A,11
电压A-功率A,29
电压A/功率B,10
电压A*功率B,6
电压A+功率B,4
电压A-功率B,15
电压A/功率C,9
电压A*功率C,6
电压A+功率C,5
电压A-功率C,9
电压A/平均功率,24
电压A*平均功率,7
电压A+平均功率,4
电压A-平均功率,36
电压A/风速,18
电压A*风速,16
电压A+风速,5
电压A-风速,7
电压A/风向,10
电压A*风向,12
电压A+风向,25
电压A-风向,24
电压B/电压C,78
电压B*电压C,3
电压B+电压C,2
电压B-电压C,1
电压B/电流A,21
电压B*电流A,75
电压B+电流A,0
电压B-电流A,2
电压B/电流B,12
电压B*电流B,0
电压B+电流B,1
电压B-电流B,0
电压B/电流C,13
电压B*电流C,5
电压B+电流C,0
电压B-电流C,1
电压B/功率A,19
电压B*功率A,10
电压B+功率A,4
电压B-功率A,37
电压B/功率B,1
电压B*功率B,8
电压B+功率B,2
电压B-功率B,13
电压B/功率C,8
电压B*功率C,2
电压B+功率C,1
电压B-功率C,6
电压B/平均功率,31
电压B*平均功率,6
电压B+平均功率,5
电压B-平均功率,54
电压B/风速,1
电压B*风速,14
电压B+风速,9
电压B-风速,3
电压B/风向,9
电压B*风向,8
电压B+风向,22
电压B-风向,14
电压C/电流A,12
电压C*电流A,66
电压C+电流A,3
电压C-电流A,2
电压C/电流B,8
电压C*电流B,8
电压C+电流B,2
电压C-电流B,1
电压C/电流C,9
电压C*电流C,0
电压C+电流C,0
电压C-电流C,2
电压C/功率A,25
电压C*功率A,11
电压C+功率A,6
电压C-功率A,47
电压C/功率B,13
电压C*功率B,6
电压C+功率B,2
电压C-功率B,2
电压C/功率C,4
电压C*功率C,6
电压C+功率C,1
电压C-功率C,14
电压C/平均功率,22
电压C*平均功率,11
电压C+平均功率,6
电压C-平均功率,46
电压C/风速,13
电压C*风速,8
电压C+风速,4
电压C-风速,4
电压C/风向,6
电压C*风向,5
电压C+风向,24
电压C-风向,21
电流A/电流B,34
电流A*电流B,19
电流A+电流B,12
电流A-电流B,28
电流A/电流C,36
电流A*电流C,19
电流A+电流C,11
电流A-电流C,32
电流A/功率A,1
电流A*功率A,29
电流A+功率A,1
电流A-功率A,10
电流A/功率B,44
电流A*功率B,22
电流A+功率B,1
电流A-功率B,1
电流A/功率C,38
电流A*功率C,42
电流A+功率C,2
电流A-功率C,0
电流A/平均功率,34
电流A*平均功率,133
电流A+平均功率,0
电流A-平均功率,1
电流A/风速,29
电流A*风速,19
电流A+风速,23
电流A-风速,42
电流A/风向,38
电流A*风向,10
电流A+风向,6
电流A-风向,5
电流B/电流C,35
电流B*电流C,22
电流B+电流C,21
电流B-电流C,29
电流B/功率A,45
电流B*功率A,36
电流B+功率A,11
电流B-功率A,3
电流B/功率B,0
电流B*功率B,13
电流B+功率B,0
电流B-功率B,2
电流B/功率C,26
电流B*功率C,28
电流B+功率C,1
电流B-功率C,0
电流B/平均功率,31
电流B*平均功率,22
电流B+平均功率,1
电流B-平均功率,5
电流B/风速,10
电流B*风速,14
电流B+风速,36
电流B-风速,24
电流B/风向,51
电流B*风向,25
电流B+风向,4
电流B-风向,4
电流C/功率A,51
电流C*功率A,23
电流C+功率A,3
电流C-功率A,9
电流C/功率B,23
电流C*功率B,34
电流C+功率B,0
电流C-功率B,0
电流C/功率C,0
电流C*功率C,16
电流C+功率C,1
电流C-功率C,0
电流C/平均功率,33
电流C*平均功率,20
电流C+平均功率,1
电流C-平均功率,0
电流C/风速,24
电流C*风速,16
电流C+风速,35
电流C-风速,26
电流C/风向,33
电流C*风向,13
电流C+风向,1
电流C-风向,3
功率A/功率B,15
功率A*功率B,28
功率A+功率B,32
功率A-功率B,17
功率A/功率C,1
功率A*功率C,23
功率A+功率C,26
功率A-功率C,34
功率A/平均功率,23
功率A*平均功率,78
功率A+平均功率,67
功率A-平均功率,53
功率A/风速,14
功率A*风速,10
功率A+风速,0
功率A-风速,4
功率A/风向,36
功率A*风向,21
功率A+风向,42
功率A-风向,83
功率B/功率C,5
功率B*功率C,23
功率B+功率C,10
功率B-功率C,23
功率B/平均功率,17
功率B*平均功率,13
功率B+平均功率,3
功率B-平均功率,49
功率B/风速,9
功率B*风速,21
功率B+风速,0
功率B-风速,2
功率B/风向,29
功率B*风向,16
功率B+风向,27
功率B-风向,38
功率C/平均功率,23
功率C*平均功率,6
功率C+平均功率,7
功率C-平均功率,26
功率C/风速,15
功率C*风速,25
功率C+风速,0
功率C-风速,0
功率C/风向,18
功率C*风向,16
功率C+风向,20
功率C-风向,37
平均功率/风速,11
平均功率*风速,14
平均功率+风速,5
平均功率-风速,3
平均功率/风向,28
平均功率*风向,12
平均功率+风向,36
平均功率-风向,108
风速/风向,64
风速*风向,73
风速+风向,4
风速-风向,7
Unnamed: 0**2,0
Unnamed: 0**1/2,0
ID**2,0
ID**1/2,0
板温**2,12
板温**1/2,19
现场温度**2,44
现场温度**1/2,22
光照强度**2,0
光照强度**1/2,0
转换效率**2,0
转换效率**1/2,0
转换效率A**2,0
转换效率A**1/2,0
转换效率B**2,0
转换效率B**1/2,0
转换效率C**2,0
转换效率C**1/2,0
电压A**2,0
电压A**1/2,0
电压B**2,0
电压B**1/2,0
电压C**2,0
电压C**1/2,0
电流A**2,0
电流A**1/2,0
电流B**2,0
电流B**1/2,0
电流C**2,0
电流C**1/2,0
功率A**2,0
功率A**1/2,0
功率B**2,0
功率B**1/2,0
功率C**2,0
功率C**1/2,0
平均功率**2,0
平均功率**1/2,0
风速**2,0
风速**1/2,0
风向**2,0
风向**1/2,0
